train,test,test_label
1b,1a,jeffrey
2a,2b,rachel
4a,4b,sarah
5b,5a,patricia
6b,6a,eric
9a,9b,kayla
10b,10a,megan
12b,12a,craig
15b,15a,joseph
16b,16a,monica
17b,17a,lawrence
18b,18a,subway
22a,22b,dennis
23a,23b,thank_you_note
25b,25a,kyle
26b,26a,elena
28a,28b,megan
29a,29b,samuel
30a,30b,christine
31b,31a,angela
32a,32b,laura
33a,33b,megan
34a,34b,jennifer
35b,35a,craig
36a,36b,benjamin
37b,37a,rachel
38b,38a,brett
39a,39b,mary
40b,40a,floor
42a,42b,angela
43a,43b,neil
44b,44a,victoria
45b,45a,natalie
46b,46a,christine
48b,48a,insurance
49b,49a,amy
50a,50b,yoga
51a,51b,leslie
52b,52a,joel
53a,53b,benjamin
